Workbook

Sheet Product_Master
A1: SKU_Code | B1: Brand | C1: Category
A2: SKU-POLY-000 | B2: PolyBio | C2: Specialty Polymers
A3: SKU-CARB-001 | B3: CarboLite | C3: Automotive Solutions
A4: SKU-LUBE-002 | B4: LubeX | C4: Automotive Solutions
A5: SKU-THER-003 | B5: ThermoEco | C5: Specialty Polymers
A6: SKU-BIOS-004 | B6: BioSoft | C6: Consumer & Home Care
A7: SKU-CARE-005 | B7: CareFlex | C7: Consumer & Home Care
A8: SKU-NATU-006 | B8: NaturShine | C8: Consumer & Home Care
A9: SKU-TRAN-007 | B9: TransBio | C9: Automotive Solutions
A10: SKU-THER-008 | B10: ThermoEco | C10: Specialty Polymers
A11: SKU-MOTI-009 | B11: MotionEco | C11: Automotive Solutions
A12: SKU-FLEX-010 | B12: FlexiChem | C12: Specialty Polymers
... A751: SKU-GREE-749 | B751: GreenWrap | C751: Packaging Materials

Sheet Sales_Pipeline
A1: SalesOpp_ID | B1: Account_Name | C1: Region | D1: Stage | E1: Close_Date | F1: Product_Interest | G1: Category | H1: Est_Value ($M) | I1: Probability (%) | J1: Weighted Sales Value ($M) | K1: Linked_Project_ID
A2: SO3000 | B2: GlobalGlobal SA | C2: Asia-Pacific | D2: Negotiation | E2: 45711 | F2: GreenWrap | G2: {=XLOOKUP(F2,Product_Master!B:B,Product_Master!C:C,,0)} -> Packaging Materials | H2: 10 | I2: 80 | J2: =H2*I2/100 -> 8
A3: SO3001 | B3: BioSolutions Corp | C3: North America | D3: Closed-Won | E3: 46316 | F3: BioMold | G3: {=XLOOKUP(F3,Product_Master!B:B,Product_Master!C:C,,0)} -> Specialty Polymers | H3: 29.8 | I3: 100 | J3: =H3*I3/100 -> 29.8
A4: SO3002 | B4: IndusSystems Ltd | C4: Asia-Pacific | D4: Negotiation | E4: 46140 | F4: PureClean | G4: {=XLOOKUP(F4,Product_Master!B:B,Product_Master!C:C,,0)} -> Consumer & Home Care | H4: 75 | I4: 80 | J4: =H4*I4/100 -> 60
A5: SO3003 | B5: AutoGlobal GmbH | C5: Europe-Middle East-Africa | D5: Closed-Lost | E5: 46453 | F5: PlantGuard | G5: {=XLOOKUP(F5,Product_Master!B:B,Product_Master!C:C,,0)} -> Industrial Lubricants | H5: 56.9 | I5: 0 | J5: =H5*I5/100 -> 0
A6: SO3004 | B6: IndusGlobal LLC | C6: South America | D6: Proposal Sent | E6: 45855 | F6: PolyBio | G6: {=XLOOKUP(F6,Product_Master!B:B,Product_Master!C:C,,0)} -> Specialty Polymers | H6: 50.8 | I6: 60 | J6: =H6*I6/100 -> 30.48
A7: SO3005 | B7: IndusSystems Ltd | C7: North America | D7: Prospecting | E7: 46809 | F7: CareFlex | G7: {=XLOOKUP(F7,Product_Master!B:B,Product_Master!C:C,,0)} -> Consumer & Home Care | H7: 64.7 | I7: 20 | J7: =H7*I7/100 -> 12.94 | K7: RD0104
A8: SO3006 | B8: PolyMaterials GmbH | C8: South America | D8: Negotiation | E8: 46753 | F8: PureClean | G8: {=XLOOKUP(F8,Product_Master!B:B,Product_Master!C:C,,0)} -> Consumer & Home Care | H8: 28.6 | I8: 80 | J8: =H8*I8/100 -> 22.88
A9: SO3007 | B9: GlobalMaterials SAS | C9: North America | D9: Closed-Lost | E9: 46600 | F9: EcoDrive | G9: {=XLOOKUP(F9,Product_Master!B:B,Product_Master!C:C,,0)} -> Automotive Solutions | H9: 58.3 | I9: 0 | J9: =H9*I9/100 -> 0
A10: SO3008 | B10: TransSolutions LLC | C10: Europe-Middle East-Africa | D10: Closed-Won | E10: 46842 | F10: CareFlex | G10: {=XLOOKUP(F10,Product_Master!B:B,Product_Master!C:C,,0)} -> Consumer & Home Care | H10: 10.6 | I10: 100 | J10: =H10*I10/100 -> 10.6
A11: SO3009 | B11: TransSystems Corp | C11: Europe-Middle East-Africa | D11: Negotiation | E11: 45694 | F11: DuronBio | G11: {=XLOOKUP(F11,Product_Master!B:B,Product_Master!C:C,,0)} -> Specialty Polymers | H11: 15.3 | I11: 80 | J11: =H11*I11/100 -> 12.24
A12: SO3010 | B12: PolyTech Corp | C12: Europe-Middle East-Africa | D12: Negotiation | E12: 45818 | F12: PureClean | G12: {=XLOOKUP(F12,Product_Master!B:B,Product_Master!C:C,,0)} -> Consumer & Home Care | H12: 26 | I12: 80 | J12: =H12*I12/100 -> 20.8
A13: SO3011 | B13: ChemTech SAS | C13: North America | D13: Negotiation | E13: 46525 | F13: PackNatur | G13: {=XLOOKUP(F13,Product_Master!B:B,Product_Master!C:C,,0)} -> Packaging Materials | H13: 53.7 | I13: 80 | J13: =H13*I13/100 -> 42.96
A14: SO3012 | B14: AutoGlobal BV | C14: Europe-Middle East-Africa | D14: Closed-Won | E14: 46461 | F14: EcoFilm | G14: {=XLOOKUP(F14,Product_Master!B:B,Product_Master!C:C,,0)} -> Packaging Materials | H14: 78.8 | I14: 100 | J14: =H14*I14/100 -> 78.8
A15: SO3013 | B15: IndusSolutions BV | C15: North America | D15: Proposal Sent | E15: 46788 | F15: DriveFlex | G15: {=XLOOKUP(F15,Product_Master!B:B,Product_Master!C:C,,0)} -> Automotive Solutions | H15: 9.2 | I15: 60 | J15: =H15*I15/100 -> 5.52
A16: SO3014 | B16: AutoSolutions Corp | C16: North America | D16: Negotiation | E16: 46636 | F16: CarboLite | G16: {=XLOOKUP(F16,Product_Master!B:B,Product_Master!C:C,,0)} -> Automotive Solutions | H16: 73.9 | I16: 80 | J16: =H16*I16/100 -> 59.12
A17: SO3015 | B17: IndusGlobal LLC | C17: Europe-Middle East-Africa | D17: Proposal Sent | E17: 46194 | F17: StrongBio | G17: {=XLOOKUP(F17,Product_Master!B:B,Product_Master!C:C,,0)} -> Specialty Polymers | H17: 58.7 | I17: 60 | J17: =H17*I17/100 -> 35.22
A18: SO3016 | B18: AutoSystems Inc | C18: North America | D18: Prospecting | E18: 46546 | F18: StrongBio | G18: {=XLOOKUP(F18,Product_Master!B:B,Product_Master!C:C,,0)} -> Specialty Polymers | H18: 17.2 | I18: 20 | J18: =H18*I18/100 -> 3.44
A19: SO3017 | B19: ChemSolutions Inc | C19: North America | D19: Prospecting | E19: 45756 | F19: BioMold | G19: {=XLOOKUP(F19,Product_Master!B:B,Product_Master!C:C,,0)} -> Specialty Polymers | H19: 6.6 | I19: 20 | J19: =H19*I19/100 -> 1.32
... A26: SO3024 | B26: AutoGlobal Corp | C26: Europe-Middle East-Africa | D26: Closed-Won | E26: 46829 | F26: GreenFoam | G26: {=XLOOKUP(F26,Product_Master!B:B,Product_Master!C:C,,0)} -> Consumer & Home Care | H26: 15.1 | I26: 100 | J26: =H26*I26/100 -> 15.1
A27: SO3025 | B27: NaturSolutions SA | C27: South America | D27: Negotiation | E27: 45849 | F27: PolyBio | G27: {=XLOOKUP(F27,Product_Master!B:B,Product_Master!C:C,,0)} -> Specialty Polymers | H27: 31.6 | I27: 80 | J27: =H27*I27/100 -> 25.28 | K27: RD0190
A28: SO3026 | B28: PackMaterials Inc | C28: North America | D28: Negotiation | E28: 46460 | F28: CleanWave | G28: {=XLOOKUP(F28,Product_Master!B:B,Product_Master!C:C,,0)} -> Consumer & Home Care | H28: 64.2 | I28: 80 | J28: =H28*I28/100 -> 51.36
A29: SO3027 | B29: PolyTech Ltd | C29: South America | D29: Closed-Lost | E29: 46832 | F29: HomePure | G29: {=XLOOKUP(F29,Product_Master!B:B,Product_Master!C:C,,0)} -> Consumer & Home Care | H29: 72.8 | I29: 0 | J29: =H29*I29/100 -> 0
A30: SO3028 | B30: GlobalSystems SA | C30: North America | D30: Proposal Sent | E30: 46077 | F30: PureClean | G30: {=XLOOKUP(F30,Product_Master!B:B,Product_Master!C:C,,0)} -> Consumer & Home Care | H30: 65.3 | I30: 60 | J30: =H30*I30/100 -> 39.18 | K30: RD0061
A31: SO3029 | B31: TransSolutions Group | C31: South America | D31: Closed-Won | E31: 46178 | F31: FreshBio | G31: {=XLOOKUP(F31,Product_Master!B:B,Product_Master!C:C,,0)} -> Consumer & Home Care | H31: 56 | I31: 100 | J31: =H31*I31/100 -> 56
A32: SO3030 | B32: EcoGlobal SAS | C32: Asia-Pacific | D32: Negotiation | E32: 46223 | F32: EcoWash | G32: {=XLOOKUP(F32,Product_Master!B:B,Product_Master!C:C,,0)} -> Consumer & Home Care | H32: 75.5 | I32: 80 | J32: =H32*I32/100 -> 60.4
A33: SO3031 | B33: TransGlobal Ltd | C33: Europe-Middle East-Africa | D33: Negotiation | E33: 46104 | F33: CareFlex | G33: {=XLOOKUP(F33,Product_Master!B:B,Product_Master!C:C,,0)} -> Consumer & Home Care | H33: 75.6 | I33: 80 | J33: =H33*I33/100 -> 60.48
A34: SO3032 | B34: NaturTech Group | C34: South America | D34: Proposal Sent | E34: 45721 | F34: EcoDrive | G34: {=XLOOKUP(F34,Product_Master!B:B,Product_Master!C:C,,0)} -> Automotive Solutions | H34: 69.1 | I34: 60 | J34: =H34*I34/100 -> 41.46
A35: SO3033 | B35: PolyMaterials PLC | C35: Asia-Pacific | D35: Proposal Sent | E35: 46089 | F35: BioSeal | G35: {=XLOOKUP(F35,Product_Master!B:B,Product_Master!C:C,,0)} -> Automotive Solutions | H35: 71.1 | I35: 60 | J35: =H35*I35/100 -> 42.66
A36: SO3034 | B36: NaturMaterials Inc | C36: Europe-Middle East-Africa | D36: Closed-Lost | E36: 46379 | F36: EcoFilm | G36: {=XLOOKUP(F36,Product_Master!B:B,Product_Master!C:C,,0)} -> Packaging Materials | H36: 9 | I36: 0 | J36: =H36*I36/100 -> 0
A37: SO3035 | B37: TransGlobal SAS | C37: South America | D37: Negotiation | E37: 46034 | F37: GreenFoam | G37: {=XLOOKUP(F37,Product_Master!B:B,Product_Master!C:C,,0)} -> Consumer & Home Care | H37: 6.7 | I37: 80 | J37: =H37*I37/100 -> 5.36
A38: SO3036 | B38: IndusGlobal GmbH | C38: North America | D38: Closed-Lost | E38: 45757 | F38: EcoPack | G38: {=XLOOKUP(F38,Product_Master!B:B,Product_Master!C:C,,0)} -> Packaging Materials | H38: 61.5 | I38: 0 | J38: =H38*I38/100 -> 0
A39: SO3037 | B39: PackTech Corp | C39: Europe-Middle East-Africa | D39: Proposal Sent | E39: 46161 | F39: PolyLite | G39: {=XLOOKUP(F39,Product_Master!B:B,Product_Master!C:C,,0)} -> Packaging Materials | H39: 8.1 | I39: 60 | J39: =H39*I39/100 -> 4.86
A40: SO3038 | B40: AutoTech Inc | C40: Europe-Middle East-Africa | D40: Negotiation | E40: 45811 | F40: EcoPack | G40: {=XLOOKUP(F40,Product_Master!B:B,Product_Master!C:C,,0)} -> Packaging Materials | H40: 78.8 | I40: 80 | J40: =H40*I40/100 -> 63.04
A41: SO3039 | B41: PolyGlobal SAS | C41: North America | D41: Prospecting | E41: 46777 | F41: NaturPoly | G41: {=XLOOKUP(F41,Product_Master!B:B,Product_Master!C:C,,0)} -> Specialty Polymers | H41: 51.7 | I41: 20 | J41: =H41*I41/100 -> 10.34
A42: SO3040 | B42: ChemTech LLC | C42: Asia-Pacific | D42: Closed-Lost | E42: 46275 | F42: LubriGreen | G42: {=XLOOKUP(F42,Product_Master!B:B,Product_Master!C:C,,0)} -> Industrial Lubricants | H42: 28.7 | I42: 0 | J42: =H42*I42/100 -> 0
... A47: SO3045 | B47: ChemTech GmbH | C47: North America | D47: Closed-Won | E47: 46576 | F47: GreenFoam | G47: {=XLOOKUP(F47,Product_Master!B:B,Product_Master!C:C,,0)} -> Consumer & Home Care | H47: 11.8 | I47: 100 | J47: =H47*I47/100 -> 11.8
A48: SO3046 | B48: BioMaterials Ltd | C48: North America | D48: Proposal Sent | E48: 46120 | F48: AutoGuard | G48: {=XLOOKUP(F48,Product_Master!B:B,Product_Master!C:C,,0)} -> Automotive Solutions | H48: 9.3 | I48: 60 | J48: =H48*I48/100 -> 5.58 | K48: RD0291
A49: SO3047 | B49: TransSystems Corp | C49: North America | D49: Negotiation | E49: 46800 | F49: NaturShine | G49: {=XLOOKUP(F49,Product_Master!B:B,Product_Master!C:C,,0)} -> Consumer & Home Care | H49: 19.7 | I49: 80 | J49: =H49*I49/100 -> 15.76
A50: SO3048 | B50: ChemSolutions BV | C50: North America | D50: Proposal Sent | E50: 45983 | F50: CareFlex | G50: {=XLOOKUP(F50,Product_Master!B:B,Product_Master!C:C,,0)} -> Consumer & Home Care | H50: 29.2 | I50: 60 | J50: =H50*I50/100 -> 17.52
A51: SO3049 | B51: NaturTech SA | C51: South America | D51: Closed-Lost | E51: 46180 | F51: PackNatur | G51: {=XLOOKUP(F51,Product_Master!B:B,Product_Master!C:C,,0)} -> Packaging Materials | H51: 74.5 | I51: 0 | J51: =H51*I51/100 -> 0
A52: SO3050 | B52: NaturMaterials BV | C52: Europe-Middle East-Africa | D52: Proposal Sent | E52: 45848 | F52: GreenBond | G52: {=XLOOKUP(F52,Product_Master!B:B,Product_Master!C:C,,0)} -> Specialty Polymers | H52: 51.8 | I52: 60 | J52: =H52*I52/100 -> 31.08
A53: SO3051 | B53: BioTech Ltd | C53: Europe-Middle East-Africa | D53: Proposal Sent | E53: 45843 | F53: InduLube | G53: {=XLOOKUP(F53,Product_Master!B:B,Product_Master!C:C,,0)} -> Industrial Lubricants | H53: 78.9 | I53: 60 | J53: =H53*I53/100 -> 47.34
A54: SO3052 | B54: PolyMaterials PLC | C54: Asia-Pacific | D54: Prospecting | E54: 46247 | F54: LubriGreen | G54: {=XLOOKUP(F54,Product_Master!B:B,Product_Master!C:C,,0)} -> Industrial Lubricants | H54: 52.3 | I54: 20 | J54: =H54*I54/100 -> 10.46
A55: SO3053 | B55: TransGlobal Inc | C55: Asia-Pacific | D55: Closed-Lost | E55: 46456 | F55: InduLube | G55: {=XLOOKUP(F55,Product_Master!B:B,Product_Master!C:C,,0)} -> Industrial Lubricants | H55: 39.9 | I55: 0 | J55: =H55*I55/100 -> 0
A56: SO3054 | B56: PolyGlobal Ltd | C56: Asia-Pacific | D56: Proposal Sent | E56: 45838 | F56: FlexiChem | G56: {=XLOOKUP(F56,Product_Master!B:B,Product_Master!C:C,,0)} -> Specialty Polymers | H56: 77.2 | I56: 60 | J56: =H56*I56/100 -> 46.32
A57: SO3055 | B57: AutoGlobal GmbH | C57: Europe-Middle East-Africa | D57: Negotiation | E57: 46426 | F57: MechaBio | G57: {=XLOOKUP(F57,Product_Master!B:B,Product_Master!C:C,,0)} -> Industrial Lubricants | H57: 14.5 | I57: 80 | J57: =H57*I57/100 -> 11.6
A58: SO3056 | B58: ChemSystems SAS | C58: Asia-Pacific | D58: Negotiation | E58: 45897 | F58: GearEco | G58: {=XLOOKUP(F58,Product_Master!B:B,Product_Master!C:C,,0)} -> Industrial Lubricants | H58: 16.6 | I58: 80 | J58: =H58*I58/100 -> 13.28
A59: SO3057 | B59: AutoGlobal SAS | C59: Europe-Middle East-Africa | D59: Prospecting | E59: 45741 | F59: WrapX | G59: {=XLOOKUP(F59,Product_Master!B:B,Product_Master!C:C,,0)} -> Packaging Materials | H59: 39 | I59: 20 | J59: =H59*I59/100 -> 7.8
A60: SO3058 | B60: IndusTech Group | C60: Asia-Pacific | D60: Closed-Won | E60: 45713 | F60: NaturShine | G60: {=XLOOKUP(F60,Product_Master!B:B,Product_Master!C:C,,0)} -> Consumer & Home Care | H60: 58.4 | I60: 100 | J60: =H60*I60/100 -> 58.4
... A66: SO3064 | B66: BioGlobal BV | C66: Europe-Middle East-Africa | D66: Closed-Lost | E66: 45966 | F66: NaturShine | G66: {=XLOOKUP(F66,Product_Master!B:B,Product_Master!C:C,,0)} -> Consumer & Home Care | H66: 5.1 | I66: 0 | J66: =H66*I66/100 -> 0
A67: SO3065 | B67: PolySolutions SAS | C67: Asia-Pacific | D67: Proposal Sent | E67: 46503 | F67: NaturShine | G67: {=XLOOKUP(F67,Product_Master!B:B,Product_Master!C:C,,0)} -> Consumer & Home Care | H67: 69.8 | I67: 60 | J67: =H67*I67/100 -> 41.88 | K67: RD0150
A68: SO3066 | B68: TransMaterials Inc | C68: Asia-Pacific | D68: Closed-Won | E68: 46262 | F68: PolyLite | G68: {=XLOOKUP(F68,Product_Master!B:B,Product_Master!C:C,,0)} -> Packaging Materials | H68: 40.5 | I68: 100 | J68: =H68*I68/100 -> 40.5
A69: SO3067 | B69: NaturSystems Ltd | C69: South America | D69: Closed-Lost | E69: 46805 | F69: AutoGuard | G69: {=XLOOKUP(F69,Product_Master!B:B,Product_Master!C:C,,0)} -> Automotive Solutions | H69: 61.8 | I69: 0 | J69: =H69*I69/100 -> 0
A70: SO3068 | B70: IndusTech SAS | C70: South America | D70: Closed-Won | E70: 46284 | F70: NaturShine | G70: {=XLOOKUP(F70,Product_Master!B:B,Product_Master!C:C,,0)} -> Consumer & Home Care | H70: 66.8 | I70: 100 | J70: =H70*I70/100 -> 66.8
A71: SO3069 | B71: PackGlobal SAS | C71: South America | D71: Negotiation | E71: 46183 | F71: GreenFoam | G71: {=XLOOKUP(F71,Product_Master!B:B,Product_Master!C:C,,0)} -> Consumer & Home Care | H71: 33.2 | I71: 80 | J71: =H71*I71/100 -> 26.56
A72: SO3070 | B72: AutoGlobal PLC | C72: North America | D72: Closed-Won | E72: 46669 | F72: EcoScent | G72: {=XLOOKUP(F72,Product_Master!B:B,Product_Master!C:C,,0)} -> Consumer & Home Care | H72: 32.1 | I72: 100 | J72: =H72*I72/100 -> 32.1
A73: SO3071 | B73: IndusMaterials PLC | C73: North America | D73: Negotiation | E73: 46787 | F73: PowerLube | G73: {=XLOOKUP(F73,Product_Master!B:B,Product_Master!C:C,,0)} -> Industrial Lubricants | H73: 25.9 | I73: 80 | J73: =H73*I73/100 -> 20.72
A74: SO3072 | B74: PackTech Inc | C74: Asia-Pacific | D74: Proposal Sent | E74: 45778 | F74: WrapX | G74: {=XLOOKUP(F74,Product_Master!B:B,Product_Master!C:C,,0)} -> Packaging Materials | H74: 56.9 | I74: 60 | J74: =H74*I74/100 -> 34.14
A75: SO3073 | B75: NaturSystems PLC | C75: North America | D75: Prospecting | E75: 45889 | F75: InduLube | G75: {=XLOOKUP(F75,Product_Master!B:B,Product_Master!C:C,,0)} -> Industrial Lubricants | H75: 57 | I75: 20 | J75: =H75*I75/100 -> 11.4
A76: SO3074 | B76: IndusMaterials LLC | C76: South America | D76: Closed-Won | E76: 46454 | F76: FlexiChem | G76: {=XLOOKUP(F76,Product_Master!B:B,Product_Master!C:C,,0)} -> Specialty Polymers | H76: 11.5 | I76: 100 | J76: =H76*I76/100 -> 11.5
A77: SO3075 | B77: PolyMaterials GmbH | C77: Asia-Pacific | D77: Prospecting | E77: 46676 | F77: WrapX | G77: {=XLOOKUP(F77,Product_Master!B:B,Product_Master!C:C,,0)} -> Packaging Materials | H77: 67.7 | I77: 20 | J77: =H77*I77/100 -> 13.54
A78: SO3076 | B78: NaturTech Ltd | C78: South America | D78: Negotiation | E78: 46326 | F78: GreenWrap | G78: {=XLOOKUP(F78,Product_Master!B:B,Product_Master!C:C,,0)} -> Packaging Materials | H78: 44.1 | I78: 80 | J78: =H78*I78/100 -> 35.28
A79: SO3077 | B79: GlobalMaterials SAS | C79: Asia-Pacific | D79: Closed-Won | E79: 45887 | F79: BioSeal | G79: {=XLOOKUP(F79,Product_Master!B:B,Product_Master!C:C,,0)} -> Automotive Solutions | H79: 60.7 | I79: 100 | J79: =H79*I79/100 -> 60.7
... A122: SO3120 | B122: GlobalGlobal SA | C122: North America | D122: Proposal Sent | E122: 46701 | F122: EcoWash | G122: {=XLOOKUP(F122,Product_Master!B:B,Product_Master!C:C,,0)} -> Consumer & Home Care | H122: 47 | I122: 60 | J122: =H122*I122/100 -> 28.2
A123: SO3121 | B123: GlobalGlobal Group | C123: North America | D123: Closed-Lost | E123: 45712 | F123: PolyBio | G123: {=XLOOKUP(F123,Product_Master!B:B,Product_Master!C:C,,0)} -> Specialty Polymers | H123: 19.6 | I123: 0 | J123: =H123*I123/100 -> 0 | K123: RD0163
A124: SO3122 | B124: AutoGlobal Group | C124: Europe-Middle East-Africa | D124: Negotiation | E124: 46806 | F124: WrapX | G124: {=XLOOKUP(F124,Product_Master!B:B,Product_Master!C:C,,0)} -> Packaging Materials | H124: 52.2 | I124: 80 | J124: =H124*I124/100 -> 41.76
A125: SO3123 | B125: TransTech Corp | C125: North America | D125: Prospecting | E125: 46224 | F125: LubeX | G125: {=XLOOKUP(F125,Product_Master!B:B,Product_Master!C:C,,0)} -> Automotive Solutions | H125: 15.6 | I125: 20 | J125: =H125*I125/100 -> 3.12
A126: SO3124 | B126: ChemGlobal LLC | C126: Asia-Pacific | D126: Closed-Lost | E126: 46538 | F126: NaturSeal | G126: {=XLOOKUP(F126,Product_Master!B:B,Product_Master!C:C,,0)} -> Packaging Materials | H126: 64.2 | I126: 0 | J126: =H126*I126/100 -> 0
A127: SO3125 | B127: NaturTech LLC | C127: South America | D127: Negotiation | E127: 45859 | F127: EcoWash | G127: {=XLOOKUP(F127,Product_Master!B:B,Product_Master!C:C,,0)} -> Consumer & Home Care | H127: 67.9 | I127: 80 | J127: =H127*I127/100 -> 54.32
A128: SO3126 | B128: IndusSolutions GmbH | C128: Asia-Pacific | D128: Closed-Won | E128: 45823 | F128: FlexiChem | G128: {=XLOOKUP(F128,Product_Master!B:B,Product_Master!C:C,,0)} -> Specialty Polymers | H128: 8.8 | I128: 100 | J128: =H128*I128/100 -> 8.8
A129: SO3127 | B129: NaturSolutions Corp | C129: South America | D129: Prospecting | E129: 46577 | F129: GreenFuel | G129: {=XLOOKUP(F129,Product_Master!B:B,Product_Master!C:C,,0)} -> Automotive Solutions | H129: 72.8 | I129: 20 | J129: =H129*I129/100 -> 14.56
A130: SO3128 | B130: PolyMaterials Corp | C130: Asia-Pacific | D130: Proposal Sent | E130: 45932 | F130: TransBio | G130: {=XLOOKUP(F130,Product_Master!B:B,Product_Master!C:C,,0)} -> Automotive Solutions | H130: 30.4 | I130: 60 | J130: =H130*I130/100 -> 18.24
A131: SO3129 | B131: AutoTech GmbH | C131: Europe-Middle East-Africa | D131: Negotiation | E131: 46759 | F131: NaturShine | G131: {=XLOOKUP(F131,Product_Master!B:B,Product_Master!C:C,,0)} -> Consumer & Home Care | H131: 70.6 | I131: 80 | J131: =H131*I131/100 -> 56.48
A132: SO3130 | B132: EcoSolutions BV | C132: South America | D132: Negotiation | E132: 45929 | F132: EcoPack | G132: {=XLOOKUP(F132,Product_Master!B:B,Product_Master!C:C,,0)} -> Packaging Materials | H132: 23.4 | I132: 80 | J132: =H132*I132/100 -> 18.72
A133: SO3131 | B133: ChemSystems PLC | C133: Asia-Pacific | D133: Closed-Lost | E133: 45818 | F133: ThermoEco | G133: {=XLOOKUP(F133,Product_Master!B:B,Product_Master!C:C,,0)} -> Specialty Polymers | H133: 39.4 | I133: 0 | J133: =H133*I133/100 -> 0
A134: SO3132 | B134: PolyTech SAS | C134: Europe-Middle East-Africa | D134: Closed-Lost | E134: 46425 | F134: StrongBio | G134: {=XLOOKUP(F134,Product_Master!B:B,Product_Master!C:C,,0)} -> Specialty Polymers | H134: 45.9 | I134: 0 | J134: =H134*I134/100 -> 0
A135: SO3133 | B135: PolySolutions BV | C135: South America | D135: Negotiation | E135: 45898 | F135: EcoWash | G135: {=XLOOKUP(F135,Product_Master!B:B,Product_Master!C:C,,0)} -> Consumer & Home Care | H135: 34.7 | I135: 80 | J135: =H135*I135/100 -> 27.76
... A142: SO3140 | B142: PolySystems Group | C142: South America | D142: Closed-Won | E142: 46442 | F142: NaturShine | G142: {=XLOOKUP(F142,Product_Master!B:B,Product_Master!C:C,,0)} -> Consumer & Home Care | H142: 72.8 | I142: 100 | J142: =H142*I142/100 -> 72.8
A143: SO3141 | B143: TransSolutions LLC | C143: South America | D143: Proposal Sent | E143: 45701 | F143: InduLube | G143: {=XLOOKUP(F143,Product_Master!B:B,Product_Master!C:C,,0)} -> Industrial Lubricants | H143: 16.7 | I143: 60 | J143: =H143*I143/100 -> 10.02 | K143: RD0013
A144: SO3142 | B144: GlobalMaterials BV | C144: North America | D144: Negotiation | E144: 45690 | F144: GreenWrap | G144: {=XLOOKUP(F144,Product_Master!B:B,Product_Master!C:C,,0)} -> Packaging Materials | H144: 59.8 | I144: 80 | J144: =H144*I144/100 -> 47.84
A145: SO3143 | B145: NaturSystems Ltd | C145: South America | D145: Closed-Lost | E145: 46175 | F145: CareFlex | G145: {=XLOOKUP(F145,Product_Master!B:B,Product_Master!C:C,,0)} -> Consumer & Home Care | H145: 65.8 | I145: 0 | J145: =H145*I145/100 -> 0
A146: SO3144 | B146: ChemSolutions SA | C146: North America | D146: Prospecting | E146: 46162 | F146: EcoPack | G146: {=XLOOKUP(F146,Product_Master!B:B,Product_Master!C:C,,0)} -> Packaging Materials | H146: 54.6 | I146: 20 | J146: =H146*I146/100 -> 10.92
A147: SO3145 | B147: IndusGlobal BV | C147: Europe-Middle East-Africa | D147: Prospecting | E147: 45883 | F147: HomePure | G147: {=XLOOKUP(F147,Product_Master!B:B,Product_Master!C:C,,0)} -> Consumer & Home Care | H147: 13.3 | I147: 20 | J147: =H147*I147/100 -> 2.66
A148: SO3146 | B148: NaturTech Group | C148: North America | D148: Closed-Won | E148: 45955 | F148: GreenWrap | G148: {=XLOOKUP(F148,Product_Master!B:B,Product_Master!C:C,,0)} -> Packaging Materials | H148: 20.9 | I148: 100 | J148: =H148*I148/100 -> 20.9
A149: SO3147 | B149: EcoSystems PLC | C149: Asia-Pacific | D149: Negotiation | E149: 46615 | F149: MotionEco | G149: {=XLOOKUP(F149,Product_Master!B:B,Product_Master!C:C,,0)} -> Automotive Solutions | H149: 51.6 | I149: 80 | J149: =H149*I149/100 -> 41.28
A150: SO3148 | B150: PackSolutions GmbH | C150: North America | D150: Proposal Sent | E150: 45904 | F150: WrapX | G150: {=XLOOKUP(F150,Product_Master!B:B,Product_Master!C:C,,0)} -> Packaging Materials | H150: 47.2 | I150: 60 | J150: =H150*I150/100 -> 28.32
A151: SO3149 | B151: TransSystems PLC | C151: North America | D151: Closed-Lost | E151: 46421 | F151: AutoGuard | G151: {=XLOOKUP(F151,Product_Master!B:B,Product_Master!C:C,,0)} -> Automotive Solutions | H151: 16.1 | I151: 0 | J151: =H151*I151/100 -> 0 | K151: RD0107
A152: SO3150 | B152: TransSystems SAS | C152: Asia-Pacific | D152: Prospecting | E152: 45873 | F152: CarboLite | G152: {=XLOOKUP(F152,Product_Master!B:B,Product_Master!C:C,,0)} -> Automotive Solutions | H152: 50.9 | I152: 20 | J152: =H152*I152/100 -> 10.18
A153: SO3151 | B153: EcoMaterials Corp | C153: South America | D153: Negotiation | E153: 45991 | F153: BioMold | G153: {=XLOOKUP(F153,Product_Master!B:B,Product_Master!C:C,,0)} -> Specialty Polymers | H153: 11.5 | I153: 80 | J153: =H153*I153/100 -> 9.2
A154: SO3152 | B154: GlobalSystems PLC | C154: North America | D154: Negotiation | E154: 46220 | F154: LubeX | G154: {=XLOOKUP(F154,Product_Master!B:B,Product_Master!C:C,,0)} -> Automotive Solutions | H154: 71.9 | I154: 80 | J154: =H154*I154/100 -> 57.52
A155: SO3153 | B155: AutoTech PLC | C155: Europe-Middle East-Africa | D155: Closed-Lost | E155: 46814 | F155: GreaseGo | G155: {=XLOOKUP(F155,Product_Master!B:B,Product_Master!C:C,,0)} -> Industrial Lubricants | H155: 28.2 | I155: 0 | J155: =H155*I155/100 -> 0
A156: SO3154 | B156: TransTech GmbH | C156: North America | D156: Prospecting | E156: 45814 | F156: PureClean | G156: {=XLOOKUP(F156,Product_Master!B:B,Product_Master!C:C,,0)} -> Consumer & Home Care | H156: 79.1 | I156: 20 | J156: =H156*I156/100 -> 15.82
A157: SO3155 | B157: GlobalSolutions Inc | C157: Europe-Middle East-Africa | D157: Negotiation | E157: 45860 | F157: PolyBio | G157: {=XLOOKUP(F157,Product_Master!B:B,Product_Master!C:C,,0)} -> Specialty Polymers | H157: 67.8 | I157: 80 | J157: =H157*I157/100 -> 54.24
A158: SO3156 | B158: EcoTech Corp | C158: North America | D158: Proposal Sent | E158: 46596 | F158: MotionEco | G158: {=XLOOKUP(F158,Product_Master!B:B,Product_Master!C:C,,0)} -> Automotive Solutions | H158: 15.1 | I158: 60 | J158: =H158*I158/100 -> 9.06
A159: SO3157 | B159: PackSystems Ltd | C159: North America | D159: Closed-Won | E159: 45791 | F159: HomePure | G159: {=XLOOKUP(F159,Product_Master!B:B,Product_Master!C:C,,0)} -> Consumer & Home Care | H159: 35.7 | I159: 100 | J159: =H159*I159/100 -> 35.7
A160: SO3158 | B160: PolyGlobal PLC | C160: Europe-Middle East-Africa | D160: Prospecting | E160: 46471 | F160: GearEco | G160: {=XLOOKUP(F160,Product_Master!B:B,Product_Master!C:C,,0)} -> Industrial Lubricants | H160: 36.7 | I160: 20 | J160: =H160*I160/100 -> 7.34
A161: SO3159 | B161: AutoSystems Inc | C161: South America | D161: Negotiation | E161: 46261 | F161: AutoGuard | G161: {=XLOOKUP(F161,Product_Master!B:B,Product_Master!C:C,,0)} -> Automotive Solutions | H161: 56.7 | I161: 80 | J161: =H161*I161/100 -> 45.36
A162: SO3160 | B162: AutoTech Group | C162: South America | D162: Negotiation | E162: 46709 | F162: BioBox | G162: {=XLOOKUP(F162,Product_Master!B:B,Product_Master!C:C,,0)} -> Packaging Materials | H162: 44.1 | I162: 80 | J162: =H162*I162/100 -> 35.28
A163: SO3161 | B163: IndusGlobal Corp | C163: North America | D163: Negotiation | E163: 46472 | F163: FreshBio | G163: {=XLOOKUP(F163,Product_Master!B:B,Product_Master!C:C,,0)} -> Consumer & Home Care | H163: 26.9 | I163: 80 | J163: =H163*I163/100 -> 21.52
...

Sheet RD_Pipeline
A1: Project_ID | B1: Project_Name | C1: Stage | D1: Est_Launch_Date | E1: Project_Manager | F1: Target_Industry | G1: Est_Annual_Revenue ($M) | H1: Linked_SalesOpp_ID | I1: Category
A2: RD0001 | B2: Project Sticky Tape | C2: 3-Customer & Regulatory Sampling | D2: 46569 | E2: Chen Wei | F2: Packaging Materials | G2: 40.6 | H2: SO5204 | I2: {=XLOOKUP(H2, Sales_Pipeline!A:A, Sales_Pipeline!G:G, "Not Found")} -> Industrial Lubricants
A3: RD0002 | B3: Project MegaMold | C3: 5-Scale-up | D3: 47596 | E3: Emma Johansson | F3: Consumer & Home Care | G3: 95.3 | H3: SO4999 | I3: {=XLOOKUP(H3, Sales_Pipeline!A:A, Sales_Pipeline!G:G, "Not Found")} -> Specialty Polymers
A4: RD0003 | B4: Project Slippery Fish | C4: 3-Customer & Regulatory Sampling | D4: 46850 | E4: Fatima Al-Sayed | F4: Automotive Solutions | G4: 74.5 | H4: SO4592 | I4: {=XLOOKUP(H4, Sales_Pipeline!A:A, Sales_Pipeline!G:G, "Not Found")} -> Automotive Solutions
A5: RD0004 | B5: Project Bouncy Ball | C5: 4-Manufacturing Trials | D5: 47441 | E5: Ayumi Nakamura | F5: Packaging Materials | G5: 61.9 | H5: SO3522 | I5: {=XLOOKUP(H5, Sales_Pipeline!A:A, Sales_Pipeline!G:G, "Not Found")} -> Industrial Lubricants
A6: RD0005 | B6: Project SuperGlue | C6: 5-Scale-up | D6: 46013 | E6: Chen Wei | F6: Specialty Polymers | G6: 19.8 | H6: SO5311 | I6: {=XLOOKUP(H6, Sales_Pipeline!A:A, Sales_Pipeline!G:G, "Not Found")} -> Automotive Solutions
A7: RD0006 | B7: Project MegaMold | C7: 1-Material Discovery | D7: 46129 | E7: Chen Wei | F7: Consumer & Home Care | G7: 19.8 | H7: SO4891 | I7: {=XLOOKUP(H7, Sales_Pipeline!A:A, Sales_Pipeline!G:G, "Not Found")} -> Consumer & Home Care
A8: RD0007 | B8: Project Slippery Fish | C8: 1-Material Discovery | D8: 46490 | E8: Chen Wei | F8: Industrial Lubricants | G8: 10.5 | H8: SO3866 | I8: {=XLOOKUP(H8, Sales_Pipeline!A:A, Sales_Pipeline!G:G, "Not Found")} -> Specialty Polymers
A9: RD0008 | B9: Project SlickRoad | C9: 3-Customer & Regulatory Sampling | D9: 46649 | E9: Chen Wei | F9: Industrial Lubricants | G9: 87.3 | H9: SO4726 | I9: {=XLOOKUP(H9, Sales_Pipeline!A:A, Sales_Pipeline!G:G, "Not Found")} -> Specialty Polymers
A10: RD0009 | B10: Project Bouncy Ball | C10: 1-Material Discovery | D10: 46921 | E10: Maria Lopez | F10: Specialty Polymers | G10: 62.1 | H10: SO3213 | I10: {=XLOOKUP(H10, Sales_Pipeline!A:A, Sales_Pipeline!G:G, "Not Found")} -> Consumer & Home Care
A11: RD0010 | B11: Project Bouncy Ball | C11: 2-Lab Tests | D11: 47289 | E11: Raj Patel | F11: Automotive Solutions | G11: 72.3 | H11: SO3127 | I11: {=XLOOKUP(H11, Sales_Pipeline!A:A, Sales_Pipeline!G:G, "Not Found")} -> Automotive Solutions
A12: RD0011 | B12: Project Slippery Fish | C12: 2-Lab Tests | D12: 45999 | E12: Emma Johansson | F12: Consumer & Home Care | G12: 7 | H12: SO3977 | I12: {=XLOOKUP(H12, Sales_Pipeline!A:A, Sales_Pipeline!G:G, "Not Found")} -> Consumer & Home Care
A13: RD0012 | B13: Project Slippery Fish | C13: 4-Manufacturing Trials | D13: 47329 | E13: Raj Patel | F13: Specialty Polymers | G13: 97.1 | H13: SO3892 | I13: {=XLOOKUP(H13, Sales_Pipeline!A:A, Sales_Pipeline!G:G, "Not Found")} -> Packaging Materials
... A313: RD0312 | B313: Project SlickRoad | C313: 3-Customer & Regulatory Sampling | D313: 46466 | E313: Maria Lopez | F313: Industrial Lubricants | G313: 12.5 | H313: SO4571 | I313: {=XLOOKUP(H313, Sales_Pipeline!A:A, Sales_Pipeline!G:G, "Not Found")} -> Consumer & Home Care

Sheet Pivot Table 1

Sheet Category Summary
A1: Category | B1: Weighted Sales ($M) non-lost stage | C1: Weighted Sales ($M) Closed-Won | D1: Total R&D Value ($M)
A2: Consumer & Home Care | B2: =SUMIFS(Sales_Pipeline!J:J,Sales_Pipeline!G:G,A2,Sales_Pipeline!I:I,"<>0") -> 14144.54 | C2: =SUMIFS(Sales_Pipeline!$J:$J, Sales_Pipeline!$G:$G, A2, Sales_Pipeline!$D:$D, "Closed-Won") -> 5942.6 | D2: =SUMIF(RD_Pipeline!$F:$F,A2,RD_Pipeline!$G:$G) -> 3614.2
A3: Automotive Solutions | B3: =SUMIFS(Sales_Pipeline!J:J,Sales_Pipeline!G:G,A3,Sales_Pipeline!I:I,"<>0") -> 13996.24 | C3: =SUMIFS(Sales_Pipeline!$J:$J, Sales_Pipeline!$G:$G, A3, Sales_Pipeline!$D:$D, "Closed-Won") -> 5153.4 | D3: =SUMIF(RD_Pipeline!$F:$F,A3,RD_Pipeline!$G:$G) -> 2732.4
A4: Industrial Lubricants | B4: =SUMIFS(Sales_Pipeline!J:J,Sales_Pipeline!G:G,A4,Sales_Pipeline!I:I,"<>0") -> 13609.18 | C4: =SUMIFS(Sales_Pipeline!$J:$J, Sales_Pipeline!$G:$G, A4, Sales_Pipeline!$D:$D, "Closed-Won") -> 5630.7 | D4: =SUMIF(RD_Pipeline!$F:$F,A4,RD_Pipeline!$G:$G) -> 3812.3
A5: Specialty Polymers | B5: =SUMIFS(Sales_Pipeline!J:J,Sales_Pipeline!G:G,A5,Sales_Pipeline!I:I,"<>0") -> 12629.02 | C5: =SUMIFS(Sales_Pipeline!$J:$J, Sales_Pipeline!$G:$G, A5, Sales_Pipeline!$D:$D, "Closed-Won") -> 4442 | D5: =SUMIF(RD_Pipeline!$F:$F,A5,RD_Pipeline!$G:$G) -> 3004.5
A6: Packaging Materials | B6: =SUMIFS(Sales_Pipeline!J:J,Sales_Pipeline!G:G,A6,Sales_Pipeline!I:I,"<>0") -> 11861.38 | C6: =SUMIFS(Sales_Pipeline!$J:$J, Sales_Pipeline!$G:$G, A6, Sales_Pipeline!$D:$D, "Closed-Won") -> 5124.9 | D6: =SUMIF(RD_Pipeline!$F:$F,A6,RD_Pipeline!$G:$G) -> 3069.3
A8: For Sales | B8: For Closed-Won Sales
A9: Highest: 14,144.54M | B9: Highest: 5,942.6M
A10: Lowest: 11,861.38M | B10: Lowest: 4,442.0M
A12: Spread: $2.28B (only 16%) | B12: Spread: $1.50B (≈27%)
A13: This means all five categories show meaningful commercial opportunity.
A14: No category is “dead” or irrelevant — the sales pipeline is well-distributed. | B14: This indicates that Closed-Won demand is moderately concentrated, with the top category outperforming the lowest by nearly $1.5B.
B15: Unlike the total sales pipeline (which was evenly distributed), the actual won business shows clearer winners and weaker categories.
A17: For R&D | B17: This means:
A18: Highest: 3,812.3M | B18: Some categories are driving significantly more realized revenue than others.
A19: Lowest: 2,732.4M | B19: Market traction is not uniform, customer conversion differs by category.
B20: Strategic prioritization should focus on the top-performing categories that consistently convert.
A21: Spread: $1.08B (only 7–8%) | B21: This distribution is meaningful, it highlights where the company is actually winning, not just where opportunities exist.
A22: → R&D is distributed more evenly than sales opportunity.
A23: This proves R&D strategy is not market-driven.
A24: Industrial Lubricants → High R&D, mid Sales
A25: Automotive Solutions → High Sales, low R&D
A26: Packaging Materials → Lower Sales, medium R&D
A27: Consumer & Home Care → Highest Sales, middle R&D
A28: This misalignment reduces ROI on innovation.
